{"train_loss": 3.3053385416666665, "_timestamp": 1669384240.7038367, "_runtime": 28.109879732131958, "_step": 2, "_wandb": {"runtime": 27}}